Service,Component,Attribute,Baseline_Values,Enhanced_Values,Baseline_Constraint,Enhanced_Constraint,Baseline_Unit,Enhanced_Unit,Status,Baseline_Reasoning,Enhanced_Reasoning
AmazonECS,ecs-1_Compute_and_Memory,CPUType,-,%OS License Fee,-,NOT LIKE,-,None,Enhanced_Only,"Critical: For the 'ECSOSLicense' component, 'Operating System' is the critical attribute ('Windows') as the license fee is exclusive to it, and 'CPUType' ('perC...","Service purpose: Amazon ECS (Elastic Container Service) is a container orchestration service. Its pricing is primarily based on the compute resources (vCPU and Memory) consumed by tasks, which can run on either AWS Fa... | Attribute selection: I've prioritized attributes that directly impact cost and availability. `Region Code` is first as it's a fundamental filter for all AWS services. 'Operating System' is critical; the input data's menti... | Critical attributes: The most critical attributes are `Region Code` and `Operating System`. Region is non-negotiable (`il-central-1`). `Operating System` is the next most critical because selecting 'Windows' (as implied b... | Alternatives: A single-component approach was considered, where all attributes are filtered in one large query. This was rejected because the `Unit` column shows distinct billing dimensions (vCPU-hours, GB-hours, O..."
AmazonECS,ecs-1_Compute_and_Memory,Operating System,-,Windows,-,=,-,None,Enhanced_Only,"Critical: For the 'ECSOSLicense' component, 'Operating System' is the critical attribute ('Windows') as the license fee is exclusive to it, and 'CPUType' ('perC... | Selection: 'Operating System' is next, as it determines if licensing costs apply (e.g., Windows vs... | Context: The provided database schema, with columns like 'Unit' (vCPU-Hours, GB-Hours) and 'Operating System', strongly indicates a Fargate pricing model, wher...","Critical: The most critical attributes are `Region Code` and `Operating System`... | Selection: 'Operating System' is critical; the input data's mention of '.NET logic core' and 'Microsoft SQL Server' strongly implies a 'Windows' environment, whi... | Context: Key decision factors include the operating system (Linux vs..."
AmazonECS,ecs-1_Compute_and_Memory,Region Code,-,il-central-1,-,=,-,None,Enhanced_Only,"Critical: For all components, 'Region Code' is the most critical attribute as it's the primary factor in price and service availability... | Selection: 'Region Code' is the most critical filter, as prices vary significantly across regions...",Critical: The most critical attributes are `Region Code` and `Operating System`... | Selection: `Region Code` is first as it's a fundamental filter for all AWS services...
AmazonECS,ecs-1_Compute_and_Memory,Tenancy,-,Shared,-,=,-,None,Enhanced_Only,Selection: 'Tenancy' is included to specify the standard shared infrastructure model...,"Selection: `Tenancy` is included as a standard filter, defaulting to 'Shared' for cost-effectiveness..."
AmazonECS,ecs-1_ECSFargateCPU,cpuType,perCPU,-,=,-,None,-,Baseline_Only,"Critical: For the 'ECSOSLicense' component, 'Operating System' is the critical attribute ('Windows') as the license fee is exclusive to it, and 'CPUType' ('perC...","Service purpose: Amazon ECS (Elastic Container Service) is a container orchestration service. Its pricing is primarily based on the compute resources (vCPU and Memory) consumed by tasks, which can run on either AWS Fa... | Attribute selection: I've prioritized attributes that directly impact cost and availability. `Region Code` is first as it's a fundamental filter for all AWS services. 'Operating System' is critical; the input data's menti... | Critical attributes: The most critical attributes are `Region Code` and `Operating System`. Region is non-negotiable (`il-central-1`). `Operating System` is the next most critical because selecting 'Windows' (as implied b... | Alternatives: A single-component approach was considered, where all attributes are filtered in one large query. This was rejected because the `Unit` column shows distinct billing dimensions (vCPU-hours, GB-hours, O..."
AmazonECS,ecs-1_ECSFargateCPU,operatingSystem,Linux,-,=,-,None,-,Baseline_Only,"Service purpose: Amazon Elastic Container Service (ECS) is a fully managed container orchestration service. Its pricing model depends on the launch type. For ECS on AWS Fargate, the pricing is based on the vCPU and me... | Attribute selection: The attributes were selected to effectively narrow down the pricing SKUs. 'Region Code' is the most critical filter, as prices vary significantly across regions. 'Operating System' is next, as it dete... | Critical attributes: For all components, 'Region Code' is the most critical attribute as it's the primary factor in price and service availability. For the 'ECSCPU' and 'ECSMemory' components, the 'Product Family' is crit... | Alternatives: A single-component model was considered, treating ECS as one entity. This was rejected because the database schema clearly separates pricing by 'Unit' (vCPU-Hours, GB-Hours) and 'CPUType' ('perCPU OS ...","Service purpose: Amazon ECS (Elastic Container Service) is a container orchestration service. Its pricing is primarily based on the compute resources (vCPU and Memory) consumed by tasks, which can run on either AWS Fa... | Attribute selection: I've prioritized attributes that directly impact cost and availability. `Region Code` is first as it's a fundamental filter for all AWS services. 'Operating System' is critical; the input data's menti... | Critical attributes: The most critical attributes are `Region Code` and `Operating System`. Region is non-negotiable (`il-central-1`). `Operating System` is the next most critical because selecting 'Windows' (as implied b... | Alternatives: A single-component approach was considered, where all attributes are filtered in one large query. This was rejected because the `Unit` column shows distinct billing dimensions (vCPU-hours, GB-hours, O..."
AmazonECS,ecs-1_ECSFargateCPU,productFamily,Compute,-,=,-,None,-,Baseline_Only,"Service purpose: Amazon Elastic Container Service (ECS) is a fully managed container orchestration service. Its pricing model depends on the launch type. For ECS on AWS Fargate, the pricing is based on the vCPU and me... | Attribute selection: The attributes were selected to effectively narrow down the pricing SKUs. 'Region Code' is the most critical filter, as prices vary significantly across regions. 'Operating System' is next, as it dete... | Critical attributes: For all components, 'Region Code' is the most critical attribute as it's the primary factor in price and service availability. For the 'ECSCPU' and 'ECSMemory' components, the 'Product Family' is crit... | Alternatives: A single-component model was considered, treating ECS as one entity. This was rejected because the database schema clearly separates pricing by 'Unit' (vCPU-Hours, GB-Hours) and 'CPUType' ('perCPU OS ...","Service purpose: Amazon ECS (Elastic Container Service) is a container orchestration service. Its pricing is primarily based on the compute resources (vCPU and Memory) consumed by tasks, which can run on either AWS Fa... | Attribute selection: I've prioritized attributes that directly impact cost and availability. `Region Code` is first as it's a fundamental filter for all AWS services. 'Operating System' is critical; the input data's menti... | Critical attributes: The most critical attributes are `Region Code` and `Operating System`. Region is non-negotiable (`il-central-1`). `Operating System` is the next most critical because selecting 'Windows' (as implied b... | Alternatives: A single-component approach was considered, where all attributes are filtered in one large query. This was rejected because the `Unit` column shows distinct billing dimensions (vCPU-hours, GB-hours, O..."
AmazonECS,ecs-1_ECSFargateCPU,regionCode,il-central-1,-,=,-,None,-,Baseline_Only,"Service purpose: Amazon Elastic Container Service (ECS) is a fully managed container orchestration service. Its pricing model depends on the launch type. For ECS on AWS Fargate, the pricing is based on the vCPU and me... | Attribute selection: The attributes were selected to effectively narrow down the pricing SKUs. 'Region Code' is the most critical filter, as prices vary significantly across regions. 'Operating System' is next, as it dete... | Critical attributes: For all components, 'Region Code' is the most critical attribute as it's the primary factor in price and service availability. For the 'ECSCPU' and 'ECSMemory' components, the 'Product Family' is crit... | Alternatives: A single-component model was considered, treating ECS as one entity. This was rejected because the database schema clearly separates pricing by 'Unit' (vCPU-Hours, GB-Hours) and 'CPUType' ('perCPU OS ...","Service purpose: Amazon ECS (Elastic Container Service) is a container orchestration service. Its pricing is primarily based on the compute resources (vCPU and Memory) consumed by tasks, which can run on either AWS Fa... | Attribute selection: I've prioritized attributes that directly impact cost and availability. `Region Code` is first as it's a fundamental filter for all AWS services. 'Operating System' is critical; the input data's menti... | Critical attributes: The most critical attributes are `Region Code` and `Operating System`. Region is non-negotiable (`il-central-1`). `Operating System` is the next most critical because selecting 'Windows' (as implied b... | Alternatives: A single-component approach was considered, where all attributes are filtered in one large query. This was rejected because the `Unit` column shows distinct billing dimensions (vCPU-hours, GB-hours, O..."
AmazonECS,ecs-1_ECSFargateMemory,memoryType,perGB,-,=,-,None,-,Baseline_Only,"Service purpose: Amazon Elastic Container Service (ECS) is a fully managed container orchestration service. Its pricing model depends on the launch type. For ECS on AWS Fargate, the pricing is based on the vCPU and me... | Attribute selection: The attributes were selected to effectively narrow down the pricing SKUs. 'Region Code' is the most critical filter, as prices vary significantly across regions. 'Operating System' is next, as it dete... | Critical attributes: For all components, 'Region Code' is the most critical attribute as it's the primary factor in price and service availability. For the 'ECSCPU' and 'ECSMemory' components, the 'Product Family' is crit... | Alternatives: A single-component model was considered, treating ECS as one entity. This was rejected because the database schema clearly separates pricing by 'Unit' (vCPU-Hours, GB-Hours) and 'CPUType' ('perCPU OS ...","Service purpose: Amazon ECS (Elastic Container Service) is a container orchestration service. Its pricing is primarily based on the compute resources (vCPU and Memory) consumed by tasks, which can run on either AWS Fa... | Attribute selection: I've prioritized attributes that directly impact cost and availability. `Region Code` is first as it's a fundamental filter for all AWS services. 'Operating System' is critical; the input data's menti... | Critical attributes: The most critical attributes are `Region Code` and `Operating System`. Region is non-negotiable (`il-central-1`). `Operating System` is the next most critical because selecting 'Windows' (as implied b... | Alternatives: A single-component approach was considered, where all attributes are filtered in one large query. This was rejected because the `Unit` column shows distinct billing dimensions (vCPU-hours, GB-hours, O..."
AmazonECS,ecs-1_ECSFargateMemory,operatingSystem,Linux,-,=,-,None,-,Baseline_Only,"Service purpose: Amazon Elastic Container Service (ECS) is a fully managed container orchestration service. Its pricing model depends on the launch type. For ECS on AWS Fargate, the pricing is based on the vCPU and me... | Attribute selection: The attributes were selected to effectively narrow down the pricing SKUs. 'Region Code' is the most critical filter, as prices vary significantly across regions. 'Operating System' is next, as it dete... | Critical attributes: For all components, 'Region Code' is the most critical attribute as it's the primary factor in price and service availability. For the 'ECSCPU' and 'ECSMemory' components, the 'Product Family' is crit... | Alternatives: A single-component model was considered, treating ECS as one entity. This was rejected because the database schema clearly separates pricing by 'Unit' (vCPU-Hours, GB-Hours) and 'CPUType' ('perCPU OS ...","Service purpose: Amazon ECS (Elastic Container Service) is a container orchestration service. Its pricing is primarily based on the compute resources (vCPU and Memory) consumed by tasks, which can run on either AWS Fa... | Attribute selection: I've prioritized attributes that directly impact cost and availability. `Region Code` is first as it's a fundamental filter for all AWS services. 'Operating System' is critical; the input data's menti... | Critical attributes: The most critical attributes are `Region Code` and `Operating System`. Region is non-negotiable (`il-central-1`). `Operating System` is the next most critical because selecting 'Windows' (as implied b... | Alternatives: A single-component approach was considered, where all attributes are filtered in one large query. This was rejected because the `Unit` column shows distinct billing dimensions (vCPU-hours, GB-hours, O..."
AmazonECS,ecs-1_ECSFargateMemory,productFamily,Compute,-,=,-,None,-,Baseline_Only,"Service purpose: Amazon Elastic Container Service (ECS) is a fully managed container orchestration service. Its pricing model depends on the launch type. For ECS on AWS Fargate, the pricing is based on the vCPU and me... | Attribute selection: The attributes were selected to effectively narrow down the pricing SKUs. 'Region Code' is the most critical filter, as prices vary significantly across regions. 'Operating System' is next, as it dete... | Critical attributes: For all components, 'Region Code' is the most critical attribute as it's the primary factor in price and service availability. For the 'ECSCPU' and 'ECSMemory' components, the 'Product Family' is crit... | Alternatives: A single-component model was considered, treating ECS as one entity. This was rejected because the database schema clearly separates pricing by 'Unit' (vCPU-Hours, GB-Hours) and 'CPUType' ('perCPU OS ...","Service purpose: Amazon ECS (Elastic Container Service) is a container orchestration service. Its pricing is primarily based on the compute resources (vCPU and Memory) consumed by tasks, which can run on either AWS Fa... | Attribute selection: I've prioritized attributes that directly impact cost and availability. `Region Code` is first as it's a fundamental filter for all AWS services. 'Operating System' is critical; the input data's menti... | Critical attributes: The most critical attributes are `Region Code` and `Operating System`. Region is non-negotiable (`il-central-1`). `Operating System` is the next most critical because selecting 'Windows' (as implied b... | Alternatives: A single-component approach was considered, where all attributes are filtered in one large query. This was rejected because the `Unit` column shows distinct billing dimensions (vCPU-hours, GB-hours, O..."
AmazonECS,ecs-1_ECSFargateMemory,regionCode,il-central-1,-,=,-,None,-,Baseline_Only,"Service purpose: Amazon Elastic Container Service (ECS) is a fully managed container orchestration service. Its pricing model depends on the launch type. For ECS on AWS Fargate, the pricing is based on the vCPU and me... | Attribute selection: The attributes were selected to effectively narrow down the pricing SKUs. 'Region Code' is the most critical filter, as prices vary significantly across regions. 'Operating System' is next, as it dete... | Critical attributes: For all components, 'Region Code' is the most critical attribute as it's the primary factor in price and service availability. For the 'ECSCPU' and 'ECSMemory' components, the 'Product Family' is crit... | Alternatives: A single-component model was considered, treating ECS as one entity. This was rejected because the database schema clearly separates pricing by 'Unit' (vCPU-Hours, GB-Hours) and 'CPUType' ('perCPU OS ...","Service purpose: Amazon ECS (Elastic Container Service) is a container orchestration service. Its pricing is primarily based on the compute resources (vCPU and Memory) consumed by tasks, which can run on either AWS Fa... | Attribute selection: I've prioritized attributes that directly impact cost and availability. `Region Code` is first as it's a fundamental filter for all AWS services. 'Operating System' is critical; the input data's menti... | Critical attributes: The most critical attributes are `Region Code` and `Operating System`. Region is non-negotiable (`il-central-1`). `Operating System` is the next most critical because selecting 'Windows' (as implied b... | Alternatives: A single-component approach was considered, where all attributes are filtered in one large query. This was rejected because the `Unit` column shows distinct billing dimensions (vCPU-hours, GB-hours, O..."
AmazonECS,ecs-1_Operating_System,CPUType,-,%OS License Fee,-,LIKE,-,None,Enhanced_Only,"Critical: For the 'ECSOSLicense' component, 'Operating System' is the critical attribute ('Windows') as the license fee is exclusive to it, and 'CPUType' ('perC...","Service purpose: Amazon ECS (Elastic Container Service) is a container orchestration service. Its pricing is primarily based on the compute resources (vCPU and Memory) consumed by tasks, which can run on either AWS Fa... | Attribute selection: I've prioritized attributes that directly impact cost and availability. `Region Code` is first as it's a fundamental filter for all AWS services. 'Operating System' is critical; the input data's menti... | Critical attributes: The most critical attributes are `Region Code` and `Operating System`. Region is non-negotiable (`il-central-1`). `Operating System` is the next most critical because selecting 'Windows' (as implied b... | Alternatives: A single-component approach was considered, where all attributes are filtered in one large query. This was rejected because the `Unit` column shows distinct billing dimensions (vCPU-hours, GB-hours, O..."
AmazonECS,ecs-1_Operating_System,Operating System,-,Windows,-,=,-,None,Enhanced_Only,"Critical: For the 'ECSOSLicense' component, 'Operating System' is the critical attribute ('Windows') as the license fee is exclusive to it, and 'CPUType' ('perC... | Selection: 'Operating System' is next, as it determines if licensing costs apply (e.g., Windows vs... | Context: The provided database schema, with columns like 'Unit' (vCPU-Hours, GB-Hours) and 'Operating System', strongly indicates a Fargate pricing model, wher...","Critical: The most critical attributes are `Region Code` and `Operating System`... | Selection: 'Operating System' is critical; the input data's mention of '.NET logic core' and 'Microsoft SQL Server' strongly implies a 'Windows' environment, whi... | Context: Key decision factors include the operating system (Linux vs..."
AmazonECS,ecs-1_Operating_System,Region Code,-,il-central-1,-,=,-,None,Enhanced_Only,"Critical: For all components, 'Region Code' is the most critical attribute as it's the primary factor in price and service availability... | Selection: 'Region Code' is the most critical filter, as prices vary significantly across regions...",Critical: The most critical attributes are `Region Code` and `Operating System`... | Selection: `Region Code` is first as it's a fundamental filter for all AWS services...
AmazonECS,ecs-1_Operating_System,Tenancy,-,Shared,-,=,-,None,Enhanced_Only,Selection: 'Tenancy' is included to specify the standard shared infrastructure model...,"Selection: `Tenancy` is included as a standard filter, defaulting to 'Shared' for cost-effectiveness..."
AmazonS3,s3-1_S3DataTransfer,From Location,Israel (Tel Aviv),-,=,-,None,-,Baseline_Only,"Critical: For 'S3DataTransfer', 'Transfer Type', 'From Location', and 'To Location' are paramount as they define the data path, which is the primary basis for t...","Service purpose: Amazon S3 is a highly scalable, durable, and secure object storage service. It's designed to store and retrieve any amount of data from anywhere. Pricing is based on several factors, which I've identi... | Attribute selection: My attribute selection is guided by the fundamental pricing dimensions of S3 and the user's requirements. 
- **Region Code**: This is the most crucial attribute as all prices are region-specific. The ... | Critical attributes: The most critical attributes for cost optimization in this S3 configuration are:
1.  **Region Code**: Non-negotiable, as it sets the baseline for all prices. Deploying in 'il-central-1' is a hard cons... | Alternatives: I considered creating a single component for S3. However, this was rejected because the 'Product Family' attribute has distinct values ('Storage', 'API Request', 'Data Transfer') that have fundamental..."
AmazonS3,s3-1_S3DataTransfer,Product Family,-,Data Transfer,-,=,-,None,Enhanced_Only,"Service purpose: Amazon S3 is a highly scalable object storage service. Its pricing is multifaceted, primarily revolving around three core areas: the amount and type of data stored (Storage), the number and type of re... | Attribute selection: The attributes were selected to progressively narrow down the vast S3 pricing records to the most relevant and cost-effective options. 'Region Code' is prioritized as it's the most significant pricing... | Critical attributes: For 'S3Storage', 'Storage Class' and 'Volume Type' are the most critical attributes because they directly determine the per-GB-month cost based on performance and access frequency. For 'S3Requests', '... | Alternatives: A single-component model was considered but rejected because it cannot accurately represent S3's distinct pricing dimensions for storage, requests, and data transfer. A single query would be overly co...","Selection: The input 'il-central-1' is directly mapped.
- **Product Family**: This is used to differentiate between the core components (Storage, API Request, Da..."
AmazonS3,s3-1_S3DataTransfer,Region Code,-,['il-central-1'],-,IN,-,None,Enhanced_Only,"Critical: Across all components, 'Region Code' is universally critical as all pricing is region-specific.... | Selection: 'Region Code' is prioritized as it's the most significant pricing differentiator...","Critical:  **Region Code**: Non-negotiable, as it sets the baseline for all prices... | Selection: 
- **Region Code**: This is the most crucial attribute as all prices are region-specific..."
AmazonS3,s3-1_S3DataTransfer,Transfer Type,AWS Outbound,-,=,-,None,-,Baseline_Only,"Critical: For 'S3DataTransfer', 'Transfer Type', 'From Location', and 'To Location' are paramount as they define the data path, which is the primary basis for t... | Selection: 'operation' is crucial for filtering request types, and 'Transfer Type' for data transfer costs...","Selection: 
- **Transfer Type**: For the 'S3DataTransfer' component, I am including 'AWS Inbound' as the primary mechanism for getting data into S3, which is typ..."
AmazonS3,s3-1_S3Requests,Product Family,-,API Request,-,=,-,None,Enhanced_Only,"Service purpose: Amazon S3 is a highly scalable object storage service. Its pricing is multifaceted, primarily revolving around three core areas: the amount and type of data stored (Storage), the number and type of re... | Attribute selection: The attributes were selected to progressively narrow down the vast S3 pricing records to the most relevant and cost-effective options. 'Region Code' is prioritized as it's the most significant pricing... | Critical attributes: For 'S3Storage', 'Storage Class' and 'Volume Type' are the most critical attributes because they directly determine the per-GB-month cost based on performance and access frequency. For 'S3Requests', '... | Alternatives: A single-component model was considered but rejected because it cannot accurately represent S3's distinct pricing dimensions for storage, requests, and data transfer. A single query would be overly co...","Selection: The input 'il-central-1' is directly mapped.
- **Product Family**: This is used to differentiate between the core components (Storage, API Request, Da..."
AmazonS3,s3-1_S3Requests,Region Code,['il-central-1'],['il-central-1'],IN,IN,None,None,Same,"Critical: Across all components, 'Region Code' is universally critical as all pricing is region-specific.... | Selection: 'Region Code' is prioritized as it's the most significant pricing differentiator...","Critical:  **Region Code**: Non-negotiable, as it sets the baseline for all prices... | Selection: 
- **Region Code**: This is the most crucial attribute as all prices are region-specific..."
AmazonS3,s3-1_S3Requests,Unit,Requests,-,LIKE,-,None,-,Baseline_Only,"Selection: Finally, sorting by 'PricePerUnit' ensures the cheapest option for the specified requirements is presented first....","Critical:  **PricePerUnit**: While not a filter, sorting by this attribute is critical for ensuring the lowest-cost option within the specified configuration is..."
AmazonS3,s3-1_S3Requests,operation,"['PutObject', 'CopyObject', 'PostObject', 'ListBucket', 'GetObject']","['PutObject', 'PostObject', 'CopyObject', 'GetObject']",IN,IN,None,None,Modified,"Critical: For 'S3Requests', 'operation' is critical as different API calls (PUT, GET, LIST) have different prices... | Selection: 'operation' is crucial for filtering request types, and 'Transfer Type' for data transfer costs...","Critical:  **operation**: The type and volume of API requests are key cost drivers... | Selection: Based on the 'watched folder' and 'Real-time monitoring' requirements, I've selected 'General Purpose' (S3 Standard) as the most appropriate tier for ... | Context: Pricing is based on several factors, which I've identified as distinct components: storage, data transfer, and API requests (operations)..."
AmazonS3,s3-1_S3Storage,Durability,99.999999999%,-,=,-,None,-,Baseline_Only,"Selection: 'Durability' is chosen next, as the 99.999999999% ('11 nines') is a hallmark of S3 and a critical requirement... | Context: Different storage classes (Standard, Infrequent Access, Glacier, etc.) are offered at different price points to align costs with data access frequency...","Service purpose: Amazon S3 is a highly scalable, durable, and secure object storage service. It's designed to store and retrieve any amount of data from anywhere. Pricing is based on several factors, which I've identi... | Attribute selection: My attribute selection is guided by the fundamental pricing dimensions of S3 and the user's requirements. 
- **Region Code**: This is the most crucial attribute as all prices are region-specific. The ... | Critical attributes: The most critical attributes for cost optimization in this S3 configuration are:
1.  **Region Code**: Non-negotiable, as it sets the baseline for all prices. Deploying in 'il-central-1' is a hard cons... | Alternatives: I considered creating a single component for S3. However, this was rejected because the 'Product Family' attribute has distinct values ('Storage', 'API Request', 'Data Transfer') that have fundamental..."
AmazonS3,s3-1_S3Storage,Product Family,-,Storage,-,=,-,None,Enhanced_Only,"Service purpose: Amazon S3 is a highly scalable object storage service. Its pricing is multifaceted, primarily revolving around three core areas: the amount and type of data stored (Storage), the number and type of re... | Attribute selection: The attributes were selected to progressively narrow down the vast S3 pricing records to the most relevant and cost-effective options. 'Region Code' is prioritized as it's the most significant pricing... | Critical attributes: For 'S3Storage', 'Storage Class' and 'Volume Type' are the most critical attributes because they directly determine the per-GB-month cost based on performance and access frequency. For 'S3Requests', '... | Alternatives: A single-component model was considered but rejected because it cannot accurately represent S3's distinct pricing dimensions for storage, requests, and data transfer. A single query would be overly co...","Selection: The input 'il-central-1' is directly mapped.
- **Product Family**: This is used to differentiate between the core components (Storage, API Request, Da..."
AmazonS3,s3-1_S3Storage,Region Code,['il-central-1'],['il-central-1'],IN,IN,None,None,Same,"Critical: Across all components, 'Region Code' is universally critical as all pricing is region-specific.... | Selection: 'Region Code' is prioritized as it's the most significant pricing differentiator...","Critical:  **Region Code**: Non-negotiable, as it sets the baseline for all prices... | Selection: 
- **Region Code**: This is the most crucial attribute as all prices are region-specific..."
AmazonS3,s3-1_S3Storage,Storage Class,"['General Purpose', 'Intelligent-Tiering', 'High Performance']",General Purpose,IN,=,None,None,Modified,"Critical: For 'S3Storage', 'Storage Class' and 'Volume Type' are the most critical attributes because they directly determine the per-GB-month cost based on per... | Selection: 'Storage Class' and 'Volume Type' are key for aligning storage costs with access patterns ('hot' storage implies frequent access)... | Context: Different storage classes (Standard, Infrequent Access, Glacier, etc.) are offered at different price points to align costs with data access frequency...","Critical:  **Storage Class**: This has the most significant impact on the storage bill... | Selection: The input 'il-central-1' is directly mapped.
- **Product Family**: This is used to differentiate between the core components (Storage, API Request, Da... | Context: For example, storage cost varies by storage class (e.g., Standard, Infrequent Access, Glacier), while API requests are priced per thousand or million ..."
AmazonS3,s3-1_S3Storage,Unit,"['GB-Mo', 'GB-month']",-,IN,-,None,-,Baseline_Only,"Selection: Finally, sorting by 'PricePerUnit' ensures the cheapest option for the specified requirements is presented first....","Critical:  **PricePerUnit**: While not a filter, sorting by this attribute is critical for ensuring the lowest-cost option within the specified configuration is..."
